SECT\DRGN0.BIN,Single-File,2497,1,Hoax Beta,MCQ,NONE
SECT\DRGN0.BIN,Single-File,2498,1,Forest,MCQ,NONE
SECT\DRGN0.BIN,Single-File,2499,1,Seles,MCQ,NONE
SECT\DRGN0.BIN,Single-File,2500,1,Hellena Prison 1,MCQ,NONE
SECT\DRGN0.BIN,Single-File,2501,1,Hellena Prison 2,MCQ,NONE
SECT\DRGN0.BIN,Single-File,2502,1,Hellena Prison 3,MCQ,NONE
SECT\DRGN0.BIN,Single-File,2503,1,Prairie,MCQ,NONE
SECT\DRGN0.BIN,Single-File,2504,1,Limestone Cave 1,MCQ,NONE
SECT\DRGN0.BIN,Single-File,2505,1,Limestone Cave 2,MCQ,NONE
SECT\DRGN0.BIN,Single-File,2506,1,Hoax,MCQ,NONE
SECT\DRGN0.BIN,Single-File,2507,1,Marshlands,MCQ,NONE
SECT\DRGN0.BIN,Single-File,2508,1,Volcano Villude,MCQ,NONE
SECT\DRGN0.BIN,Single-File,2509,1,Volcano Villude Boss Fight,MCQ,NONE
SECT\DRGN0.BIN,Single-File,2510,1,Nest Of Dragon Outside,MCQ,NONE
SECT\DRGN0.BIN,Single-File,2511,1,Nest Of Dragon Feyrbrand Lair,MCQ,NONE
SECT\DRGN0.BIN,Single-File,2512,1,Shirley Shrine,MCQ,NONE
SECT\DRGN0.BIN,Single-File,2513,1,Shirley Shrine Boss Fight,MCQ,NONE
SECT\DRGN0.BIN,Single-File,2514,1,Lohan Battle Arena,MCQ,NONE
SECT\DRGN0.BIN,Single-File,2515,1,Melbu Frahma 2nd Stage,MCQ,NONE
SECT\DRGN0.BIN,Single-File,2518,1,Black Castle,MCQ,NONE
SECT\DRGN0.BIN,Single-File,2519,1,Black Castle Throne,MCQ,NONE
SECT\DRGN0.BIN,Single-File,2520,1,Barrens,MCQ,NONE
SECT\DRGN0.BIN,Single-File,2521,1,Moon Infinity Hall,MCQ,NONE
SECT\DRGN0.BIN,Single-File,2522,1,Melbu Frahma 3rd Generation,MCQ,NONE
SECT\DRGN0.BIN,Single-File,2523,1,Valley of the Corrupted Gravity,MCQ,NONE
SECT\DRGN0.BIN,Single-File,2524,1,Valley of the Corrupted Gravity Boss Fight,MCQ,NONE
SECT\DRGN0.BIN,Single-File,2525,1,Home of Giganto,MCQ,NONE
SECT\DRGN0.BIN,Single-File,2526,1,Home of Giganto Throne,MCQ,NONE
SECT\DRGN0.BIN,Single-File,2527,1,Fletz Castle Throne,MCQ,NONE
SECT\DRGN0.BIN,Single-File,2528,1,Phantom Ship,MCQ,NONE
SECT\DRGN0.BIN,Single-File,2530,1,Undersea Cavern,MCQ,NONE
SECT\DRGN0.BIN,Single-File,2532,1,Undersea Cavern Regole Nest,MCQ,NONE
SECT\DRGN0.BIN,Single-File,2533,1,Evergreen Forest,MCQ,NONE
SECT\DRGN0.BIN,Single-File,2534,1,Forbidden Land,MCQ,NONE
SECT\DRGN0.BIN,Single-File,2535,1,Forbidden Land Grand Jewel,MCQ,NONE
SECT\DRGN0.BIN,Single-File,2536,1,Mountain Mortal Dragon,MCQ,NONE
SECT\DRGN0.BIN,Single-File,2537,1,Mountain Mortal Dragon Divine Dragon,MCQ,NONE
SECT\DRGN0.BIN,Single-File,2538,1,Kammuy Fight,MCQ,NONE
SECT\DRGN0.BIN,Single-File,2539,1,Kashua Glacier,MCQ,NONE
SECT\DRGN0.BIN,Single-File,2541,1,Flanvel,MCQ,NONE
SECT\DRGN0.BIN,Single-File,2542,1,Flanvel Fight with Lloyd,MCQ,NONE
SECT\DRGN0.BIN,Single-File,2543,1,Snowfield,MCQ,NONE
SECT\DRGN0.BIN,Single-File,2544,1,Fort Magrad,MCQ,NONE
SECT\DRGN0.BIN,Single-File,2546,1,Vellweb,MCQ,NONE
SECT\DRGN0.BIN,Single-File,2547,1,Vellweb 2,MCQ,NONE
SECT\DRGN0.BIN,Single-File,2548,1,Death Frontier,MCQ,NONE
SECT\DRGN0.BIN,Single-File,2549,1,Melbu Frahma Last Stage,MCQ,NONE
SECT\DRGN0.BIN,Single-File,2550,1,Zenebatos,MCQ,NONE
SECT\DRGN0.BIN,Single-File,2551,1,Mayfil,MCQ,NONE
SECT\DRGN0.BIN,Single-File,2552,1,Aglis,MCQ,NONE
SECT\DRGN0.BIN,Single-File,2553,1,Divine Tree 1,MCQ,NONE
SECT\DRGN0.BIN,Single-File,2555,1,Divine Tree 2,MCQ,NONE
SECT\DRGN0.BIN,Single-File,2556,1,Moon 1,MCQ,NONE
SECT\DRGN0.BIN,Single-File,2557,1,Claire Battle,MCQ,NONE
SECT\DRGN0.BIN,Single-File,2558,1,Moon 2 (Wingly City),MCQ,NONE
SECT\DRGN0.BIN,Single-File,2559,1,Archangel Battle,MCQ,NONE
SECT\DRGN0.BIN,Single-File,2560,1,Moon 3 (TV Stage),MCQ,NONE
SECT\DRGN0.BIN,Single-File,2561,1,Zieg Battle,MCQ,NONE
SECT\DRGN0.BIN,Single-File,2562,1,Melbu Stage 1,MCQ,NONE
SECT\DRGN0.BIN,Single-File,2563,1,Moon Road,MCQ,NONE
SECT\DRGN0.BIN,Single-File,2564,1,Zenebatos Bosses,MCQ,NONE
SECT\DRGN0.BIN,Single-File,2565,1,Mayfil Bosses,MCQ,NONE
SECT\DRGN0.BIN,Single-File,2566,1,Aglis Boss (Last Kraken),MCQ,NONE
SECT\DRGN0.BIN,Single-File,2567,1,Hellena Prison (Jiango),MCQ,NONE
SECT\DRGN0.BIN,Single-File,2568,1,Red-Eyed Dragon Dimension,MCQ,NONE
SECT\DRGN0.BIN,Single-File,2569,1,Jade Dragon Dimension,MCQ,NONE
SECT\DRGN0.BIN,Single-File,2570,1,Blue-Sea Dragon Dimension,MCQ,NONE
SECT\DRGN0.BIN,Single-File,2571,1,Dark Dragon Dimension,MCQ,NONE
SECT\DRGN0.BIN,Single-File,2572,1,White-Silver Dragon Dimension,MCQ,NONE
SECT\DRGN0.BIN,Single-File,2573,1,Golden Dragon Dimension,MCQ,NONE
SECT\DRGN0.BIN,Single-File,2574,1,Violet Dragon Dimension,MCQ,NONE
SECT\DRGN0.BIN,Single-File,2575,1,Divine Dragon Dragon Dimension,MCQ,NONE
SECT\DRGN0.BIN,Single-File,2576,1,Death Rose Battle,MCQ,NONE
SECT\DRGN0.BIN,Single-File,2577,1,Death Rose Battle 2 (Animated),MCQ,NONE
SECT\DRGN0.BIN,Single-File,2578,1,Old Home of Gigantos,MCQ,NONE
SECT\DRGN0.BIN,Single-File,2579,1,Indora Battle,MCQ,NONE
SECT\DRGN0.BIN,Single-File,2580,1,Moon Dragon Mountain,MCQ,NONE
SECT\DRGN0.BIN,Single-File,2581,1,Michael Battle,MCQ,NONE
SECT\DRGN0.BIN,Single-File,2582,1,Doel Battle,MCQ,NONE
SECT\DRGN0.BIN,Single-File,2583,1,North Serdio Woods,MCQ,NONE
SECT\DRGN0.BIN,Single-File,2584,1,South Serdio Woods,MCQ,NONE
SECT\DRGN0.BIN,Single-File,2585,1,Queens Fury Ship,MCQ,NONE
SECT\DRGN0.BIN,Single-File,2586,1,Tiberoa Desert,MCQ,NONE
SECT\DRGN0.BIN,Single-File,2587,1,Hoax Last Stand Cutscene,MCQ,NONE
SECT\DRGN0.BIN,Single-File,2588,1,Volcano Villude Virage Cutscene,MCQ,NONE
SECT\DRGN0.BIN,Single-File,2589,1,Nest of Dragon Inside,MCQ,NONE
SECT\DRGN0.BIN,Single-File,2590,1,Melbu Frahma 2nd Stage,MCQ,NONE
SECT\DRGN0.BIN,Single-File,2591,1,Melbu Frahma 3rd Generation Cutscene,MCQ,NONE
SECT\DRGN0.BIN,Single-File,2592,1,Melbu Frahma 3rd Generation Cutscene 2,MCQ,NONE
SECT,Single-File,DRGN0.BIN,5722,Japanese Text Viewer Bugged,MCQ,NONE
SECT,Single-File,DRGN0.BIN,5723,Insert Disk 1,MCQ,NONE
SECT,Single-File,DRGN0.BIN,5724,Wrong Disk 1,MCQ,NONE
SECT,Single-File,DRGN0.BIN,5725,Please Wait Disk 1,MCQ,NONE
SECT,Single-File,DRGN0.BIN,5726,Insert Disk 2,MCQ,NONE
SECT,Single-File,DRGN0.BIN,5727,Wrong Disk 2,MCQ,NONE
SECT,Single-File,DRGN0.BIN,5728,Please Wait Disk 2,MCQ,NONE
SECT,Single-File,DRGN0.BIN,5729,Insert Disk 3,MCQ,NONE
SECT,Single-File,DRGN0.BIN,5730,Wrong Disk 3,MCQ,NONE
SECT,Single-File,DRGN0.BIN,5731,Please Wait Disk 3,MCQ,NONE
SECT,Single-File,DRGN0.BIN,5732,Insert Disk 4,MCQ,NONE
SECT,Single-File,DRGN0.BIN,5733,Wrong Disk 4,MCQ,NONE
SECT,Single-File,DRGN0.BIN,5734,Please Wait Disk 4,MCQ,NONE
SECT,Single-File,DRGN0.BIN,5735,To be Continued,MCQ,NONE
SECT,Single-File,DRGN0.BIN,5696,World Map,MCQ,NONE
SECT,Single-File,DRGN0.BIN,6667,Game Over,MCQ,NONE
